{
  "south": 39.5935135,
  "west": 28.0876836,
  "north": 40.75773,
  "east": 29.9100426
}